Name des Begünstigten,Bezeichnung des Vorhabens,Zusammenfassung des Vorhabens,Datum des Beginns des Vorhabens,"Datum des Endes des Vorhabens",Gesamtbetrag der förderfähigen Ausgaben des Vorhabens,Unions-Kofinanzierungssatz pro Prioritätsachse,Postleitzahl des Vorhabens oder andere angemessene Standortindikatoren,Land,"Bezeichnung der Interventionskategorie"
,Neubau eines Produktionsgebäudes mit  Maschineninvestition,"Die Gotic GmbH entwickelt und produziert Mühlen für die Zerkleinerung verschiedenster Materialien, z.B. Mineralien, Kunst- und Zellstoffe. Mit der entwickelten Mühle zur Zerfaserung von Altpapier kann die konventionelle Herstellung von Kartonagen im Nassverfahren abgelöst werden. Die Trockenherstellung bringt neben der Energieeinsparung auch eine erhebliche Einsparung von Wasser. Mit der Förderung wird der Neubau eines Produktionsgebäudes mit Investition in Anlagetechnik zur Umsetzung der Innovations- und Wachstumsstrategie unterstützt. ",23.03.2016,22.03.2018,"383.520,00",50,Gerstetten,Deutschland                   ,"Unmittelbar mit Forschungs- und Innovationsaktivitäten verbundene Investitionen in Infrastruktur, Kapazitäten und Ausrüstung von KMU"
Philipp Kirsch Vermietung und Verpachtung Nachf. Dr. Jochen Kopitzke ,Neubau eines Büro- und Produktionsgebäudes mit integriertem Forschungs- und Entwicklungsbereich für die Philipp Kirsch GmbH,"Die Phillip Kirsch GmbH entwickelt und produziert Kühlsysteme sowie Hard- und Software zur Temperaturdokumentation für das Gesundheitswesen. Bei den Kühlsystemen soll die magnetokalorische Kühlung neu Anwendung finden. Hierbei erwärmen sich Substanzen, wenn sie in ein Magnetfeld eintreten und kühlen ab, wenn sie es verlassen. Durch Ausnutzung des Effektes entsteht eine energieeffiziente und umweltfreundliche Kühlmethode. Mit der Förderung wird der Neubau eines Betriebsgebäudes mit integrierter Forschungs- und Entwicklungsabteilung zur Umsetzung der  Wachstums- und Innovationsstrategie unterstützt.",23.03.2016,22.03.2018,"400.000,00",50,Willstätt,Deutschland                   ,"Unmittelbar mit Forschungs- und Innovationsaktivitäten verbundene Investitionen in Infrastruktur, Kapazitäten und Ausrüstung von KMU"
Wirtschaftsförderung Region Stuttgart GmbH  ,Kompetenzstelle für Energieeffizienz der Region Stuttgart,"Mit der Kompetenzstelle für Energieeffizienz der Region Stuttgart wird eine Plattform zum Informationsaustausch für den Bereich Energie- und Ressourceneffizienz eingerichtet. Zielgruppe sind Unternehmen aus Industrie, Handwerk und Dienstleistung. Über Impulsgespräche, Informationsveranstaltungen und Energietische sollen Unternehmen dazu bewegt werden, ihre freien Potenziale zu nutzen. Ein landesweites Netzwerk von Akteuren und Spezialisten unterstützt die regionalen Tätigkeiten.",14.03.2016,13.03.2018,"1.146.000,00",50,Stuttgart,Deutschland                   ,Energieeffizienz- und Demonstrationsprojekte in KMU und Begleitmaßnahmen
IHK Rhein-Neckar  ,Kompetenzstelle Energieeffizienz Rhein-Neckar,"KEFF ist eine Informations- und Beratungsoffensive für Unternehmen in der Region Rhein-Neckar zur Steigerung der Energie- und Ressourceneffizienz.   Durch konkrete Ansprache über verschiedene Medien, Vor-Ort-Termine, Direktansprache verantwortlicher Personen und eine breite Palette von Veranstaltungen sollen die Unternehmen sensibilisiert und Möglichkeiten aufgezeigt werden, eigene Kompetenzen zur Effizienzverbesserung zu entwickeln. In lernenden Netzwerken sollen Unternehmen zu überdurchschnittlichen und beispielhaften Energie- und Ressourceneffizienzsteigerungen angeregt werden.  KEFF Rhein-Neckar soll zudem über Wege informieren, mittels externer Energieexperten das oftmals fehlende Know-how zu erlangen und fehlende innerbetriebliche Ressourcen auszugleichen. Dabei werden die Unternehmen zielgruppenspezifisch kontaktiert. Netzwerke als Informations- und Erfahrungsaustauschplattformen und Sonderthemen wie Abwärmenutzung ergänzen das Angebot.  ",11.03.2016,10.03.2018,"759.527,00",50,Mannheim,Deutschland                   ,Energieeffizienz- und Demonstrationsprojekte in KMU und Begleitmaßnahmen
IHK Reutlingen   ,Kompetenzstelle für Energieeffizienz der Region Neckar-Alb,"Mit der Kompetenzstelle für Energieeffizienz der Region Neckar-Alb wird eine Plattform zum Informationsaustausch für den Bereich Energie- und Ressourceneffizienz eingerichtet. Zielgruppe sind Unternehmen aus Industrie, Handel, Handwerk und Dienstleistung. Über Impulsgespräche, Informationsveranstaltungen und Energietische sollen Unternehmen dazu bewegt werden, ihre Potenziale nachhaltig zu nutzen. Ein landesweites Netzwerk von Akteuren und Spezialisten unterstützt die regionalen Tätigkeiten.",10.03.2016,09.03.2018,"381.999,50",50,Reutlingen,Deutschland                   ,Energieeffizienz- und Demonstrationsprojekte in KMU und Begleitmaßnahmen
Energieagentur Kreis Konstanz gGmbH  ,Regionale Kompetenzstelle des Netzwerkes Energieeffizienz (KEFF) in der Effizienzregion Hochrhein-Bodensee (H-B),"In der Effizienzregion Hochrhein-Bodensee werden insbesondere kleine und mittlere Unternehmen (KMU) aus Industrie, Handwerk, Gewerbe, Handel und Dienstleistung für die aktive Teilnahme an der Energiewende sensibilisiert. Die regionale Kompetenzstelle Hochrhein-Bodensee wird als Teil eines landesweiten Energieeffizienznetzwerks den Zugang für Unternehmen zu branchenspezifischen Energieberatungen erleichtern und helfen Potenziale bei der Ressourcen- und Energieeffizienz zu identifizieren.Im Vordergrund steht die Initiierung der Umsetzung von CO2-Minderungsmaßnahmen und der fachliche Austausch für Unternehmen und Energieberater über gelungene Best-Practice Beispiele in der Effizienzregion Hochrhein-Bodensee.Erst durch eine aktive Beteiligung an der Energiewende, schaffen sich Unternehmen die zukünftigen Voraussetzungen für ein erfolgreiches Bestehen am Markt.   ",08.03.2016,07.03.2018,"381.919,19",50,Radolfzell am Bodensee,Deutschland                   ,Energieeffizienz- und Demonstrationsprojekte in KMU und Begleitmaßnahmen
Energieagentur Ravensburg gGmbH  ,"KEFF Bodensee-Oberschwaben, Regionale Kompetenzstelle des Netzwerkes Energieeffizienz","Bestandteil von KEFF ist eine Informations- und Beratungsoffensive für Unternehmen in der Region. Durch Direktansprache bei Betriebsbesuchen vor Ort sollen Unternehmen sensibilisiert und Möglichkeiten aufgezeigt werden, eigene Konzepte zur Effizienzsteigerung zu entwickeln und dabei auf vorhandene Hilfen und bestehende Angebote in der Region zurückzugreifen. Durch externe Energieexperten soll das oftmals fehlende Know-how und die fehlenden innerbetrieblichen Ressourcen behoben werden. Um einen möglichst großen Kreis an KMU zu erreichen werden ortsnahe Informationsveranstaltungen in den Regionen veranstaltet. Dabei soll zielgruppenspezifisch neben der Energieeffizienz, besonders auch der Bereich der Ressourceneffizienz als wichtiges Zukunftsthema aufgegriffen werden. Die Angebote von Netzwerken zur Energieeffizienzsteigerung sollen transparent dargestellt werden. Über die Themenbereiche energieeffizienter Gewerbebau und Nahwärmenetze soll ebenfalls informiert werden.",08.03.2016,07.03.2018,"382.000,00",50,Ravensburg,Deutschland                   ,Energieeffizienz- und Demonstrationsprojekte in KMU und Begleitmaßnahmen
Handwerkskammer Karlsruhe  ,Kompetenzstelle für Energieeffizienz der Region Mittlerer Oberrhein,"Mit der Kompetenzstelle für Energieeffizienz der Region Mittlerer Oberrhein wird eine Plattform zum Informationsaustausch für den Bereich Energie- und Ressourceneffizienz eingerichtet. Zielgruppe sind Unternehmen aus Industrie, Handwerk und Dienstleistung. Über Impulsgespräche, Informationsveranstaltungen und Energietische sollen Unternehmen dazu bewegt werden, ihre freien Potenziale zu nutzen. Ein landesweites Netzwerk von Akteuren und Spezialisten unterstützt die regionalen Tätigkeiten.",08.03.2016,07.03.2018,"749.254,19",50,Karlsruhe,Deutschland                   ,Energieeffizienz- und Demonstrationsprojekte in KMU und Begleitmaßnahmen
Strategische Partner- Klimaschutz am Oberrhein e.V. ,Kompetenzstelle im Netzwerk Energieeffizienz für die Region Südlicher Oberrhein,"Die KEFF für die Region Südlicher Oberrhein wird durch einen breiten regionalen Konsens derjenigen Akteure getragen, die sich unter dem Dach der Klimapartner Oberrhein der Energiewende verschrieben haben. Mit dem KEFF-Projekt wird eine dringend benötigte Lotsenfunktion zwischen den Betrieben aus Industrie und Gewerbe sowie den Energieeffizienz-Beratern der Region etabliert. Ziel des Vorhabens ist es, die Steigerung der Energieeffizienz vor allem in kleinen und mittleren Unternehmen zu erreichen, indem die Entscheidungsträger in den Unternehmen für die Vorteile der potentiellen Energie- und Kosteneinsparungen sensibilisiert werden. Die KEFF soll dabei die unternehmerische Perspektive immer vor Augen haben und durch sinnvolle Impulse das wirtschaftliche Wachstum der Betriebe unterstützen. ",08.03.2016,07.03.2018,"762.860,00",50,Freiburg im Breisgau,Deutschland                   ,Energieeffizienz- und Demonstrationsprojekte in KMU und Begleitmaßnahmen
Stadtwerke Aalen GmbH  ,Wärmenetz Aalen -Erzeugungsanlage-,"Mit dem Wärmenetz Aalen werden vorhandene Nahwärmeinseln zu einem Fernwärmenetz verbunden.Dieser Zusammenschluss schafft eine zentrale Wärmeachse durch die Kernstadt und ermöglicht, vorhandene Wärmeerzeugungsanlagen wie einen 3,3 MW Holzhackschnitzelkessel und eine zu modernisierende KWK-Anlage in das dann neue Wärmenetz Aalen zu integrieren. Die neuen Nutzungen im Stadtoval und weiteren Anschlüssen entlang der neuen Fernwärmetrassen werden die Wärmeabnahme steigern und in der Folge zu einer deutlich höheren Auslastung der Hackschnitzelkesselanlage und des BHKWs führen. Dies hat positive Auswirkungen auf die CO2-Bilanz in der Stadt. Mittelfristig wird diese Wärmeerzeugungsanlage mit einem Wärmespeicher und einer elektrischen Zusatzheizung, die mit Strom aus erneuerbaren Energien betrieben wird ergänzt. Weiterhin werden mit dem Wärmenetz Aalen die Grundvoraussetzungen geschaffen, die in Aalen in einem hohen Maß vorhandene industrielle Abwärme für Heizzwecke in Zukunft nutzbar zu machen.",02.03.2016,31.12.2022,"3.037.193,10",50,Aalen,Deutschland                   ,"Energieeffiziente Renovierung öffentlicher Infrastrukturen, Demonstrationsprojekte und Begleitmaßnahmen"
IHK Nordschwarzwald   ,KEFF - Kompetenzstelle Energieeffizienz Nordschwarzwald,"Ziel der KEFF Nordschwarzwald ist eine Informations- und Beratungsoffensive zur Steigerung der Energie- und Ressourceneffizienz in Unternehmen der Region Nordschwarzwald. Neben der federführenden Industrie- und Handelskammer Nordschwarzwald gehören der KEFF die Handwerkskammern Karlsruhe und Reutlingen, sowie die Energieagentur in Horb, die Gemeinschaft der Energieberater im Landkreis Calw und das Energie- und Bauberatungszentrum Pforzheim/Enzkreis an.Die KEFF informiert über Effizienzmaßnahmen, sensibilisiert und motiviert die Unternehmen zu einem nachhaltigen Umgang mit Ressourcen. In Workshops werden Mitarbeiter und Verantwortliche geschult. Die Vermittlung von Experten oder Ansprechpartnern aus der Wissenschaft hilft den Unternehmen, umfassende Effizienzprojekte zu realisieren. In den von der KEFF moderierten Netzwerken werden ein praxisbezogener Erfahrungsaustausch zwischen Unternehmen gewährleistet und neue, innovative Effizienzstrategien entwickelt.    ",25.02.2016,24.02.2018,"331.580,00",50,Pforzheim,Deutschland                   ,Energieeffizienz- und Demonstrationsprojekte in KMU und Begleitmaßnahmen
IHK Schwarzwald-Baar-Heuberg  ,Regionale Kompetenzstelle (KEFF) Schwarzwald-Baar-Heuberg des Netzwerkes Energieeffizienz,"Ziel des Vorhabens ist eine Informations-, Sensibilisierungs- und Beratungsoffensive für Unternehmen in der Region Schwarzwald-Baar-Heuberg zur Steigerung der Energie- und Ressourceneffizienz. Durch die Ansprache über diverse Print- und Onlinemedien, Unternehmensbesuche, eine Direktansprache der energieverantworlichen Personen und Entscheidungsträgern und ein breites Spektrum an Veranstaltungen sollen diese über Energie- und Ressourceneinsparpotentiale informiert, sensibilisiert und Möglichkeiten aufgezeigt werden, die Effizienz im eigenen Unternehmen (weiter) zu steigern. Auch sollen hier Kompetenzen in den Unternehmen auf- bzw. ausgebaut werden.   Durch den umfassenden Überblick der KEFF über die Aktionen und Akteure im Bereich Energie- und Ressourceneffizienz in der Region werden dem jeweiligen Unternehmen passende weitere Schritte, Kontakte, Vorgehensweisen oder Lösungen aufzeigt und dieses während dieser Phase begleitet, um so die Brücke zur tatsächlichen Umsetzung zu schlagen.  ",25.02.2016,24.02.2018,"353.243,86",50,Villingen-Schwenningen,Deutschland                   ,Energieeffizienz- und Demonstrationsprojekte in KMU und Begleitmaßnahmen
IHK Heilbronn-Franken  ,Regionale Kompetenzstelle Energieeffizienz der Region Heilbronn-Franken,"Bestandteil von KEFF ist eine Informations- und Sensibilisierungsoffensive für Unternehmen in der Region. Durch Direktansprache bei Betriebsbesuchen werden Möglichkeiten für Effizienzpotentiale aufgezeigt. Bei der Entwicklung eigener Energiekonzepte sollen Unternehmen dabei auf bestehende Unterstützungsangebote in der Region aufmerksam gemacht werden und diese auch nutzen. Durch externe Energieexpertinnen und -experten soll das oftmals fehlende Know-how und die fehlenden innerbetrieblichen Ressourcen bereitgestellt werden. Um einen möglichst großen Kreis an KMU zu erreichen werden ortsnahe Informationsveranstaltungen in den Regionen stattfinden. Dabei soll zielgruppenspezifisch, neben der Energieeffizienz, besonders auch der Bereich der Ressourceneffizienz als wichtiges Zukunftsthema aufgegriffen werden. Die Angebote von Netzwerken zur Energieeffizienzsteigerung sollen transparent dargestellt werden. Dazu gehören auch die Themen energieeffizienter Gewerbebau und Nahwärmenetze.",24.02.2016,23.02.2018,"763.484,66",50,Heilbronn,Deutschland                   ,Energieeffizienz- und Demonstrationsprojekte in KMU und Begleitmaßnahmen
Hochschule Aalen Hochschule für Technik und Wirtschaft ,KEFF Ostwürttemberg - Regionale Kompetenzstelle des Netzwerks Energieeffizienz,"Ziel des Vorhabens ist die Identifizierung und maximale Umsetzung möglichst vieler Energieeffizienzpotentiale in der Region durch Einbindung relevanter Dienstleister in die einzelnen Unternehmen und Kommunen. Die Etablierung eines engen Netzwerks von Ener-gieberatern, lokalen Energietischen, Unternehmen und Kommunen zum Austausch ist eine Kernaufgabe des Effizienzmoderators. Sie soll durch eine Informations- und Beratungsoffensive für Unternehmen in Form von Informationsveranstaltungen und Direktansprachen bei Betriebsbesuchen vor Ort erreicht werden. Unternehmen sollen sensibilisiert und Möglichkeiten aufgezeigt werden, eigene Konzepte zur Effizienzsteigerung zu entwickeln und dabei auf vorhandene Hilfen und bestehende Angebote in der Region zurückzugreifen. Besonders wichtig ist eine ganzheitliche Betrachtung der Energieflüsse (Optimierung der Gebäudeinfrastruktur, technische Gebäudeausrüstung, Querschnittstechnologien, Produkte und Produktionsprozesse.",23.02.2016,22.02.2018,"381.632,00",50,Aalen,Deutschland                   ,Energieeffizienz- und Demonstrationsprojekte in KMU und Begleitmaßnahmen
Regionale Wirtschafts- förderung Bruchsal GmbH  ,Zeozweifrei unterwegs - Konzeption und Realisierung des regionalen E-Carsharingsystems,"Das Projekt zeozweifrei unterwegs sieht die flächendeckende Einrichtung von kombinierten Carsharing- und Elektromobilitätsstationen in der Wirtschaftsregion Bruchsal vor. In allen Städten und Gemeinden der Region Bruchsal soll eine oder mehrere öffentlich zugängliche Lademöglichkeiten mit je einem öffentlich nutzbaren Elektrofahrzeug im einheitlichen Corporate Design  installiert werden. Im Rahmen von Klimaschutz mit System können voraussichtlich 41 E-Carsharingstationen realisiert werden, die öffentlich zugänglichen Ladepunkte sollen von derzeit 8 auf künftig 49 erhöht werden. Die teilnehmenden Fahrzeugeigentümer erwerben je ein batterieelektrisches Fahrzeug, das sowohl vom Eigentümer als auch von der Öffentlichkeit über das E-Carsharingsystem genutzt werden kann. zeozweifrei unterwegs soll E-Carsharing als echte Mobilitätsalternative zum eigenen Auto fördern.         ",17.02.2016,28.02.2021,"2.033.541,85",50,Bruchsal,Deutschland                   ,"Energieeffiziente Renovierung öffentlicher Infrastrukturen, Demonstrationsprojekte und Begleitmaßnahmen"
Stadtwerk am See GmbH & Co. KG  ,Nahwärme zwischen Wohnen und Arbeiten in Friedrichshafen - Erzeugungsanlage,"Im Projekt Nahwärme zwischen Wohnen und Arbeiten in Friedrichshafen wird eine energetische Wärmeverbindung zwischen der Industrie und der benachbarten Bebauung (soziale, öffentliche und kirchliche Gebäude, sowie privater Wohnungsbau) hergestellt. Geplant ist der Bau von zwei Nahwärmenetzen im direkten Umfeld des Industriegeländes Leutholdstraße, sowie die Errichtung einer Energiezentrale östlich des Industriegeländes. Gespeist wird das Nahwärmenetz mit Abwärme der Industriebetriebe. Im weiteren Projektverlauf werden die beiden Nahwärme-Quartiere untereinander verbunden und weitere Industriebetriebe angeschlossen werden. Für die Zukunft schafft das Nahwärmenetz die Voraussetzung zur energetischen Einbindung weiterer Abwärmequellen der Industriebetriebe und damit Anreize, anfallende Abwärme sinnvoll zu nutzen.",09.02.2016,31.10.2020,"3.438.000,00",50,Friedrichshafen,Deutschland                   ,"Energieeffiziente Renovierung öffentlicher Infrastrukturen, Demonstrationsprojekte und Begleitmaßnahmen"
Landkreis Böblingen  ,Gebündeltes Energiemanagement für sechs Kommunen im Landkreis Böblingen,"Das auf fünf Jahre ausgelegte Projekt Gebündeltes Energiemanagement ermöglicht kleineren und mittleren Kommunen des Landkreises Böblingen der Wichtigkeit der Aufgabe des kommunalen Energiemanagements nachzukommen.  Das Gebündelte Energiemanagement deckt die Bandbreite von der Optimierung und Überwachung der technischen Anlagen bis hin zur Nutzersensibilisierung ab. Hierdurch sollen mögliche Potenziale bei der Reduzierung von CO2-Emissionen und Energieverbräuchen durch nicht- bzw. geringinvestive Maßnahmen ausgeschöpft werden.  Zudem erhalten die Kommunen Unterstützung bei der Entscheidungsfindung von investiven Projekten, bei der Kostenkontrolle sowie bei Klimaschutzaktionen und Hausmeisterschulungen. Der Energiemanager ist in einem genau definierten Umfang für die am Projekt teilnehmenden Kommunen des Landkreises tätig, erhebt Verbrauchsdaten und führt eine einheitliche Energiemanagementsoftware ein. Das Projekt forciert einen intensiven Austausch der Kommunen untereinander.  ",04.02.2016,28.02.2021,"581.427,00",50,Böblingen,Deutschland                   ,"Energieeffiziente Renovierung öffentlicher Infrastrukturen, Demonstrationsprojekte und Begleitmaßnahmen"
Stadt Radolfzell  ,1000-100-10: Sanierungsimpuls Radolfzell,"Das Projekt soll Schwerpunktgebiete festlegen, innerhalb derer die Eigentumsverhältnisse genauer untersucht und vielversprechende Quartiere, Blöcke oder Straßenzüge identifiziert werden. Für die abgegrenzten Bereiche wird dann ein mehrstufiges Beratungsangebot zur energetischen Sanierung des privaten Wohnungsbestandes entwickelt und angewendet. Dabei ist etwa geplant, Informationsveranstaltungen und Beratungen räumlich in das vertraute Umfeld der Zielgruppen zu legen (quartiersspezifische Infoveranstaltungen, Küchentisch-Beratungen etc.). Überdies werden die Beratungsangebote nach Sanierungsanlässen bzw. Zielgruppen und deren Sanierungsmotiven systematisiert. Die Kommunikations- und Beratungsstrategie soll auf Erkenntnisse der Kommunikationsforschung und im speziellen des Dialogmarketings sowie auf Erfahrungen mit der Strategie der aufsuchenden Beratung zurückgreifen.",04.02.2016,31.08.2020,"315.000,00",50,Radolfzell am Bodensee,Deutschland                   ,"Energieeffiziente Renovierung öffentlicher Infrastrukturen, Demonstrationsprojekte und Begleitmaßnahmen"
Friedmann Immobilien Verwaltung GmbH & Co. KG  ,Neubau eines Betriebsgebäudes mit Maschinen und Einrichtung für die Friedmann Großkücheneinrichtung GmbH,"Die Friedmann Großkücheneinrichtung GmbH entwickelt und produziert innovative Lösungen für den Gastronomiebereich im Hotel- und Gaststättengewerbe. Die individuellen Lösungen zeichnen sich durch Hitzebeständigkeit, Formstabilität und hohe Hygienewerte, die u.a. durch nahtlose Übergänge erzielt werden, aus. Mit der Förderung wird der Neubau eines Betriebsgebäudes mit integriertem Showroom zur Umsetzung der Wachstums- und Innovationsstrategie unterstützt.",01.02.2016,31.01.2018,"400.000,00",50,Berghaupten,Deutschland                   ,"Unmittelbar mit Forschungs- und Innovationsaktivitäten verbundene Investitionen in Infrastruktur, Kapazitäten und Ausrüstung von KMU"
Stadt Emmendingen  ,E-Haus Gebäudeenergie-Effizienzkampagne - aus dem Stadtteil für die ganze Stadt,"Die Stadt Emmendingen hat 2011 im Zuge des Landesprogramms 'Klimaneutrale Kommune' im ein Klimaschutzkonzept erstellt. Anknüpfend an eine daraus entwickelte Stadtteilkampagne wird ein Maßnahmenpaket für eine gesamtstädtische Gebäude-Energieeffizienzkampagne (E-Haus) entwickelt. Neben Energieeffizienz-Maßnahmen spielen Suffizienzmaßnahmen und der Umbau der Versorgung hin zu Erneuerbaren Energien eine wesentliche Rolle. Über ein Klimapartner-Netzwerk  sollen Strukturen geschaffen werden, die Beratungen und Umsetzungen mit hoher Qualität gewährleisten und eine Erhöhung von Sanierungsrate und -tiefe bewirken. Das Vorhaben vereinigt erprobte Elemente von Öffentlichkeitsarbeit und Förderansätzen und ergänzt diese mit innovativen Elementen wie zum Beispiel aufsuchender Beratung, Unterstützung bei der Sanierungsbegleitung und der Verzahnung von Gebäudeenergie- und Stromeinsparberatung. Mit der E-Haus Kampagne wird Klimaschutz in allen Ortsteilen als Gemeinschaftsaufgabe konkret erfahrbar.  ",27.01.2016,31.01.2019,"570.600,00",50,Emmendingen,Deutschland                   ,"Energieeffiziente Renovierung öffentlicher Infrastrukturen, Demonstrationsprojekte und Begleitmaßnahmen"
FB Food GmbH   ,Erweiterung der Entwicklungsabteilung sowie der Produktions- und Lagerflächen,"Die FB Food GmbH entwickelt und produziert Lebensmittel und Komponenten, die u.a. bei der Herstellung von Lebensmitteln für Allergiker und bei Unverträglichkeiten eingesetzt werden. Mit der Förderung wird der Erweiterungsbau zur Vergrößerung der Entwicklungsabteilung sowie der Produktions- und Lagerflächen unterstützt.",14.01.2016,13.01.2018,"400.000,00",50,Hüfingen,Deutschland                   ,"Unmittelbar mit Forschungs- und Innovationsaktivitäten verbundene Investitionen in Infrastruktur, Kapazitäten und Ausrüstung von KMU"
IHK Ostwürttemberg  ,Wissens- und Technologietransfer Ostwürttemberg  Eine Initiative von Unternehmen und Hochschulen unter dem Dach der IHK ,"Im Rahmen des Projektes soll ein(e) Technologietransfermanager/in der IHK Ostwürttemberg Kooperationen sowie Wissens- und Technologietransfer zwischen Unternehmen, Hochschulen und hochschulkomplementäre Einrichtungen initiieren. Auch der Transfer entlang der Wertschöpfungskette zwischen den Unternehmen soll gefördert werden. Gleichzeitig sollen systematisches Technologiescouting sowie weiterentwickelte Transfermechanismen, mit Fokus auf die für Baden-Württemberg wichtigen Technologiefelder, den Technologietransfer verstetigen. Dies soll insbesondere erreicht werden durch Unternehmensbesuche sowie den Ausbau von Kontakten zu Hochschulen und Forschungseinrichtungen. Außerdem sollen Veranstaltungen und Informationen das Transferangebot in Ostwürttemberg komplettieren. In Zusammenarbeit mit weiteren Akteuren in Ostwürttemberg aber auch in Baden-Württemberg und darüber hinaus, sollen Mechanismen zum Ausbau der Vernetzung und Weiterentwicklung des Technologietransfers erarbeitet werden.",16.12.2015,31.12.2019,"379.500,00",50,Heidenheim an der Brenz,Deutschland                   ,"Technologietransfer und Zusammenarbeit zwischen Hochschulen und Unternehmen, vor allem zugunsten von KMU"
IHK Region Stuttgart  ,Technology Transfer for Industrial Transformation (TTM IT),Im Rahmen des Vorhabens soll ein(e) Technologietransfermanager/in Industrielle Transformation (TTM IT) der IHK Region Stuttgart aktiv den Technologietransfer zwischen Unternehmen und Forschungseinrichtungen sowie zwischen verschiedenen Unternehmen im Bereich Industrie 4.0 betreiben und Kooperationen initiieren. Systematisches Technologiescouting sowie fortlaufend weiterentwickelte Transfermechanismen sollen kleine und mittlere Unternehmen bei der Digitalisierung ihrer Wertschöpfungskette unterstützen. Dies soll durch den gezielten Besuch von Unternehmen sowie den Ausbau von Kontakten zu Hochschulen und Forschungseinrichtungen sowie durch geeignete Veranstaltungen und Informationsangebote erreicht werden. In Zusammenarbeit mit Technologietransferakteuren in der Region und in ganz Baden-Württemberg sollen Mechanismen zum Ausbau der landesweiten Vernetzung und zur Weiterentwicklung des Technologietransfers erarbeitet werden.,16.12.2015,31.12.2019,"379.500,00",50,Stuttgart,Deutschland                   ,"Technologietransfer und Zusammenarbeit zwischen Hochschulen und Unternehmen, vor allem zugunsten von KMU"
IHK Reutlingen   ,Technologietransfermanager (m/w) mit Fokus Zollernalbkreis und Fokus Textil,"Der Zollernalbkreis und die gesamte Region Neckar-Alb sind ein erfolgreicher Industriestandort. Durch neue Technologien und mehr internationale Märkte ergeben sich Chancen und Risiken für die Unternehmen. Zur Bewältigung dieser Herausforderungen und zur Steigerung der Innovationskraft der Unternehmen wird der Technologietransfermanager (m/w) zum Kontaktvermittler zwischen Unternehmen und zum Technologievermittler. Er belebt den Austausch mit der Wissenschaft. Seine Aktionen basieren auf den individuellen Bedürfnissen der Unternehmen: Eine starke Präsenz bei den Unternehmen vor Ort, ein mit den Projektpartnern und anderen Innovations- und Technologietransferdienstleistern abgestimmtes Vorgehen und der Fokus auf die in der Region Neckar-Alb und besonders im Zollernalbkreis starke Textil- und Bekleidungsindustrie sind die Schwerpunkte.",16.12.2015,31.12.2019,"379.500,00",50,Reutlingen,Deutschland                   ,"Technologietransfer und Zusammenarbeit zwischen Hochschulen und Unternehmen, vor allem zugunsten von KMU"
IHK Rhein-Neckar  ,Technologietransfer: In10sify Innovation,"Im Rahmen des Vorhabens sollen zwei weitere Technologietransfermanager/innen (TTM) der IHK Rhein-Neckar aktiv Kooperationen und Technologietransfer fördern. Die weiteren TTM sollen die Bereiche Industrie 4.0 und Technologietransfer im ländlichen Raum erschließen. Der TTM mit den Aufgaben im vorwiegend ländlichen Raum soll in den Unternehmen den spezifischen Bedarf an zukünftigen Entwicklungsfeldern ermitteln und Kooperationen initiieren. Hochschulkontakte sollen den Technologietransfer mit Veranstaltungen und Informationsangeboten befördern. Der TTM für Industrie 4.0 soll Kontakte zu den treibenden Akteuren der Region aufbauen, Netzwerkarbeit leisten und bei den regionalen Wirtschaftsunternehmen mit Veranstaltungen in verschiedenen Formaten zur Umsetzung des Themas beitragen. Beide TTMs sollen zusammen mit den Akteuren in der Region und im Land Mechanismen zum Ausbau der Vernetzung und zum Technologietransferangebot entwickeln",16.12.2015,31.12.2020,"764.520,00",50,Mannheim,Deutschland                   ,"Technologietransfer und Zusammenarbeit zwischen Hochschulen und Unternehmen, vor allem zugunsten von KMU"
IHK Schwarzwald-Baar-Heuberg  ,Team Technologietransfer: Empower Industry 4.0,"Im Rahmen des Vorhabens soll ein zweiter Technologietransfermanager(in) (TTM) der IHK Schwarzwald-Baar-Heuberg aktiv Kooperationen und einen gezielten Technologietransfer zwischen Unternehmen und FuE-Einrichtungen sowie zwischen verschiedenen Unternehmen im Themenfeld Industrie 4.0 initiieren. Der bei der IHK tätige TTM unterstützt bereits branchenunabhängig KMU. Gleichzeitig sollen systematisches Technologiescouting sowie fortlaufen weiterentwickelte Transfermechanismen den Technologietransfer nachhaltig verstetigen. Erreicht wird dies durch den gezielten Besuch von Unternehmen, durch den Ausbau von Kontakten zu Hochschulen und Forschungseinrichtungen sowie durch geeignete Veranstaltungen und Informationsangebote. Zusammen mit den Technologietransfer-Akteuren in der Region und in ganz Baden-Württemberg sollen Mechanismen zum Ausbau der landesweiten Vernetzung und zur Weiterentwicklung des Technologietransfers miterarbeitet und umgesetzt werden. ",16.12.2015,31.12.2019,"314.251,30",50,Villingen-Schwenningen,Deutschland                   ,"Technologietransfer und Zusammenarbeit zwischen Hochschulen und Unternehmen, vor allem zugunsten von KMU"
IHK Ulm  ,Team Technologytransfer: Connecting 4 Innovation,"Im Rahmen des Vorhabens soll ein/e Technologietransfermanager/in der IHK Ulm aktiv Kooperationen und Technologietransfer zwischen Unternehmen und Forschungseinrichtungen sowie zwischen verschiedenen Unternehmen initiieren. Gleichzeitig sollen systematisches Technologiescouting sowie fortlaufend weiterentwickelte Transfermechanismen mit Fokus auf baden-württembergischen Wachstumsfelder den Technologietransfer nachhaltig verstetigen. Dies soll insbesondere erreicht werden durch den gezielten Besuch von Unternehmen, den Ausbau von Kontakten zu Hochschulen und Forschungseinrichtungen sowie durch geeignete Veranstaltungen und Informationsangebote. In Zusammenarbeit mit Technologietransfer-Akteuren in der Region und in ganz Baden-Württemberg sollen Mechanismen zum Ausbau der landesweiten Vernetzung und zur Weiterentwicklung des Technologietransfers erarbeitet werden.",16.12.2015,31.12.2020,"764.520,00",50,Ulm,Deutschland                   ,"Technologietransfer und Zusammenarbeit zwischen Hochschulen und Unternehmen, vor allem zugunsten von KMU"
Stadt Karlsruhe Wirtschaftsförderung  ,Technologietransfermanager Karlsruhe,"Die Wirtschaftsförderung der Stadt Karlsruhe und die Handwerkskammer Karlsruhe möchten gemeinsam das Thema Technologietransfer zwischen den wissenschaftlichen Einrichtungen und den Unternehmen mit zukunftsorientierten Strategien intensivieren, da noch erhebliches Potenzial auf diesem Gebiet zu erkennen ist. Die wichtigsten Themen sollen aus den  Fachbereichen Energie, Mobilität/Automotive, IKT, Umwelt und neue Dienstleistungen kommen. Um den Technologietransfer passgenau dem Handwerk anzupassen, soll mit Hilfe verschieder Aktivitäten (Workshops, Projekte, ...) ein zeitnaher Technologietransfer in das Handwerk erfolgen. Um die gewünschte Effektivität des Transfers zu erreichen, sollen alle regionalen und überregionalen  Netzwerke genutzt werden. Durch die gemeinsame Beantragung eines Technologietransfermanagers durch die Handwerkskammer und der Wirtschaftsförderung  (je 50% Stelle mit je einem organisationseigen TT-Manager) könnten die Netzwerke beider Partner genutzt werden.",16.12.2015,31.12.2019,"326.956,72",50,Karlsruhe,Deutschland                   ,"Technologietransfer und Zusammenarbeit zwischen Hochschulen und Unternehmen, vor allem zugunsten von KMU"
Stadt Altensteig  ,BHKW als virtueller Stromspeicher,Das seither mit Erdgas betriebene Blockheizkraftwerk und der dazugehörige Spitzenkessel (Erdöl befeuert) werden durch eine Wärmepumpe mit einer vorgeschalteten Solarthermieanlage ergänzt. Eine Wärmepumpe nutzt die solare Einstrahlung über ein Kollektorfeld um sie mittels elektrischer Energie in Zeiten von Stromüberschuss (hohe Einspeisung von Sonne oder/und Wind) in ein Nahwärmenetz einzuspeisen.,11.12.2015,31.12.2016,"391.500,00",50,Altensteig,Deutschland                   ,Energieeffizienz- und Demonstrationsprojekte in KMU und Begleitmaßnahmen
,Neubau eines Produktionsgebäudes mit Büroräumen,"Die WMB Ventilatoren GmbH ist Hersteller von geräuscharmen Ventilatoren und Ventilatiren für dieHochdrucktechnik. Die Anwendungsgebiete sind Prozess-, Bahn- und Kraftwerkstechnik.   Für die Weiterentwicklung und die Produktion von noch leistungsfähigeren und sparsameren Ventilatoren müssen die bestehenden Kapazitäten erweitert werden. Dies wird durch den Neubau des Produktionsgebäudes mit Büroräumen möglich.",10.12.2015,09.12.2017,"400.000,00",50,Obersontheim,Deutschland                   ,"Unmittelbar mit Forschungs- und Innovationsaktivitäten verbundene Investitionen in Infrastruktur, Kapazitäten und Ausrüstung von KMU"
Mauth Werkzeug- und Schleiftechnik GmbH  ,Maschineninvestition  zur Beschichtung von Sonderwerkzeugen für die Bearbeitung von Leichtwerkstoffen,"Die Mauth Werkzeug-Schleiftechnik GmbH entwickelt und produziert Sonder- und  Präzisionswerkzeuge. Durch ein vakuumbasierendes PVD-Beschichtungssystem, das auf einer physikalischen Gasphasenabscheidung beruht, sollen hochverschleißfeste bis verschleißfreie Werkzeuge entwickelt werden. Mit der Förderung wird die Investition in eine Beschichtungsanlage zur Umsetzung der Innovations- und Wachstumsstrategie unterstützt.",10.12.2015,09.12.2017,"218.380,00",50,Oberndorf am Neckar,Deutschland                   ,"Unmittelbar mit Forschungs- und Innovationsaktivitäten verbundene Investitionen in Infrastruktur, Kapazitäten und Ausrüstung von KMU"
Baltrusch und Mütsch GmbH   ,Neubau eines Betriebsgebäudes mit Technologiezentrum,"Die Baltrusch & Mütsch GmbH ist Hersteller von Präzisionswerkzeugen für die Metallbearbeitung und spezialisiert auf Beschichtungsverfahren für Sonderteile.  Für die Weiterentwicklung neuer Einsatzbereiche, die Produktion und Anwendung müssen zusätzliche Entwicklungs- und Produktionskapazitäten geschaffen werden. Dies wird mit dem Neubau des Betriebsgebäudes und des Technologiezentrums möglich.   ",09.12.2015,08.12.2017,"400.000,00",50,Forchtenberg,Deutschland                   ,"Unmittelbar mit Forschungs- und Innovationsaktivitäten verbundene Investitionen in Infrastruktur, Kapazitäten und Ausrüstung von KMU"
Fischer Grundstücks GmbH & Co.KG  ,Neubau eines Büro- und Produktionsgebäudes mit Maschinen und Einrichtungen für die Fischer Elektromotoren GmbH.,"Die Fischer Elektromotoren GmbH ist Hersteller von Elektromotoren, Generatoren und Transformatoren, u.a. für Spezialanwendungen.  Für die Entwicklung neuer Anwendungen und die Produktion müssen die Kapazitäten konzentriert und erweitert werden. Dies wird durch den Neubau des Produktions- und Bürogebäudes am neuen Standort ermöglicht. ",20.10.2015,19.10.2017,"400.000,00",50,Billigheim,Deutschland                   ,"Unmittelbar mit Forschungs- und Innovationsaktivitäten verbundene Investitionen in Infrastruktur, Kapazitäten und Ausrüstung von KMU"
M² Verwaltungs GmbH   ,Neubau eines Betriebsgebäudes mit Maschinen und Einrichtungen,"Die Müller Hydraulik GmbH ist Hersteller kompakter Hochdrucksysteme für Zerspanungsmaschinen. Diese werden laufend weiterentwickelt und sollen nun mit selbstreinigenden Filtern ausgestattet werden. Zudem sollen neue Einsatzbereiche der Hochdrucksysteme erschlossen werden. Dies wird möglich, indem mit dem geförderten Neubau die erforderlichen Entwicklungs- und Produktionskapazitäten geschaffen werden.",02.10.2015,01.10.2017,"400.000,00",50,Zimmern ob Rottweil,Deutschland                   ,"Unmittelbar mit Forschungs- und Innovationsaktivitäten verbundene Investitionen in Infrastruktur, Kapazitäten und Ausrüstung von KMU"
Photonics BW e.V.   ,Photonics Innovation Booster,"Die Entwicklung neuer Produkte und Dienstleistungen ist für wissensintensive Branchen wie die Photonik existenziell. Dabei entstehen Innovationen zunehmend an den Schnittstellen unterschiedlicher Disziplinen.     Innovationsnetze mit ihren Angeboten und Kontakten sind prädestiniert, Unternehmen, insbesondere KMU, wie auch Forschungseinrichtungen den Einstieg in neueste Methoden des Innovationsmanagements wie z.B. Lean oder Open Innovation zu erleichtern und sie in der effizienten Ideengenerierung und -verwertung zu unterstützen.    Das Projekt setzt drei Schwerpunkte zur Innovationsförderung:   1. Anpassung und Anwendung neuester Methoden und Werkzeuge des Innovationsmanagements   2. Anwendungs- und marktorientierter Technologietransfer durch Cross-Clustering zum  Anstoßen und Befördern gemeinsamer Innovationsprojekte  3. Stärkung der Fachkräfte-Basis    Die neuen Angebote werden exemplarisch für die Hochtechnologie Photonik entwickelt und sollen ein zentraler Teil der Netzwerkarbeit werden.",28.09.2015,31.12.2018,"344.964,44",50,Oberkochen,Deutschland                   ,"Förderung von Clustern und Unternehmensnetzen, vor allem zugunsten von KMU"
Icotek project GmbH & Co.KG   ,Neubau eines Schulungs- und Innovationszentrums für die icotek GmbH,Die icotek GmbH ist Entwickler und Hersteller von Verbindungs- und Verkabelungstechnologien sowie von konfektionierten Kabeleinführungen in verschiedensten Anwendungsbereichen.  Für die Weiterentwicklung der Kabeldurchführungsplatten und -leisten in neuen Anwendungen für konfektionierte und nicht-konfektionierte Leitungen müssen die bestehenden Kapazitäten erweitert werden. Dies wird durch den Neubau des Schulungs- und Innovationszentrums möglich.,25.09.2015,25.09.2017,"400.000,00",50,Eschach,Deutschland                   ,"Unmittelbar mit Forschungs- und Innovationsaktivitäten verbundene Investitionen in Infrastruktur, Kapazitäten und Ausrüstung von KMU"
MedicalMountains AG   ,MedicalMountains international! Innovative Cluster-Vermarktung zum Ziel der nachhaltigen Cluster-Internationalisierung.,"Mit dem Projektvorhaben MedicalMountains international! Innovative Cluster-Vermarktung zum Ziel der nachhaltigen Cluster-Internationalisierung werden die Konzeption und Erprobung innovativer Marketinginstrumente angestrebt, die den Bekanntheitsgrad und die Attraktivität des MedicalMountains Medizintechnik-Clusters global steigern. Ziel ist es, insbesondere den zu 90% kleinen und mittleren Unternehmen des Clusters die wichtige weltweite Aufmerksamkeit zu geben, die sie benötigen, um als innovationskräftige internationale Kooperationspartner gefragt zu sein. Des Weiteren soll das große Potenzial des Clusters für Fachkräfte und Investoren sichtbarer werden. Geplant sind die Konzeption einer Gemeinschafts-App, die Integration der Premium-Veranstaltung Fachpressetag international und die Entstehung eines Cluster-Films. ",25.09.2015,30.09.2018,"365.350,00",50,Tuttlingen,Deutschland                   ,"Förderung von Clustern und Unternehmensnetzen, vor allem zugunsten von KMU"
Wirtschaftsförderung Raum Heilbronn GmbH  ,"Strategisches Management, Effizienzsteigerung und Expansion in den Unternehmen des MetallDIALOGs","Das Projekt SEFEX soll die Clusterunternehmen bei der Einführung von strategischem Management unterstützen. Dadurch sollen die Effizienz gesteigert, neue Produkte entwickelt und neue Märkte erschlossen werden.    Die Hauptmodule Strategie, Effizienz und Expansion werden annähernd gleich aufgebaut und wiederholen sich drei bzw. vier Mal. Im ersten Schritt lernen die Clusterunternehmen von anderen Clustern, Unternehmen und Hochschulen, die im weiteren Verlauf als Musterbeispiele herangezogen werden bzw. zusätzlichen Input geben.  Unterstützt von Berater-Insights erarbeiten die Clusterunternehmen in gemeinsamen Sitzungen die Grundlagen der einzelnen Hauptmodule und werden durch so genannte Best- und Worst-Case-Fallbeispiele inspiriert.    Die teilnehmenden Unternehmen werden bei der Erstellung ihrer eigenen Strategie sowie bei der Durchführung von Effizienzsteigerungsprogrammen und Expansionsansätzen vom Clustermanagement unterstützt, das auch das Projektmanagement sicherstellt.  ",25.09.2015,30.09.2018,"400.000,00",50,Heilbronn,Deutschland                   ,"Förderung von Clustern und Unternehmensnetzen, vor allem zugunsten von KMU"
Allianz Faserbasierte Werkstoffe Baden-Württemberg e.V. ,"FIBER Push setzt mit innovativen und nachhaltigen Faser-Materialien neue Akzente für Mitglieder, Anwender und Märkte.","Mit FIBER Push erweitert AFBW ihr Portfolio um ein materialorientiertes Standbein, um noch mehr Mehrwert durch Netzwerk für Unternehmen zu schaffen. Im Zentrum steht die maßgeschneiderte Generierung und Implementierung von Wissen über innovative und nachhaltige Fasermaterialien zur Entwicklung von zukunftsweisenden Produkten bis zur internationalen Marktreife. Das Wissensquadrat von FIBER Push verdeutlicht das Ineinandergreifen der vier Projektbausteine: Wissenssammlung (Sichtbarkeit von Potenzialen und Kompetenzen), Wissensdarstellung (Mitglieder-Kompetenzen und Fasereigenschaften sowie Neuentwicklungen mit einem mobilen Showroom lebendig gestalten),Wissenstransfer (Ideen, Innovation und Kooperation über die Landesgrenzen hinweg durch Cross-Clustering stärken) und Wissensvermittlung (Interessenten und Experten in der Akademie und Think Tanks vereinen). Ziel ist der Einsatz von innovativen Fasermaterialien im Quadrat, um eine zukunftsweisende Wertschöpfung für Mitglieder zu schaffen.",24.09.2015,31.12.2018,"400.000,00",50,Stuttgart,Deutschland                   ,"Förderung von Clustern und Unternehmensnetzen, vor allem zugunsten von KMU"
bw-engineers GbR   ,Meta-Cluster Engineering-Internationalisierung und clusterübergreifende Kooperation,"Meta-Engineering schmiedet Allianzen zwischen regionalen und internationalen Clustern und Netzwerken von Ingenieuren und Handwerk zur Markterschließung in der MENA-Region. Gemeinsam werden innovative Maßnahmen zur Markterschließung, Kommunikation und Steuerung von Planungsprozessen sowie zur Auftragsakquisition und -bearbeitung umgesetzt. Es trägt zur  Imagebildung der Marke Baden-Württemberg im Ausland bei. Die Umsetzung des dreijährigen Arbeitsprogramms schafft die Voraussetzungen für eine erfolgreiche und nachhaltige Internationalisierung der Aktivitäten von KMU in den Bereichen Bau und Umweltschutz aus Baden-Württemberg.",24.09.2015,30.09.2018,"380.030,00",50,Stuttgart,Deutschland                   ,"Förderung von Clustern und Unternehmensnetzen, vor allem zugunsten von KMU"
Technologiezentrum Horb GmbH & Co. KG  ,"Innovations-, Demonstrations- und Dienstleistungszentrum für Kunststoffe bis hin zum biobasierten Produkt","Die Idee des Projektes Plastics InnoCentre ist es, in einem Showroom die Kunststoff-Wertschöpfungskette zu visualisieren und neben unterschiedlichen Materialien auch zukunftsorientierte Technologien bis hin zu biobasierten Kunststoffprodukten vorzustellen. Mit Demonstrationsprodukten wird den Interessenten ein besseres Gefühl für Kunststoff und dessen Herstellungsprozesse vermittelt.    Neben dem Showroom als Beratungsplattform stehen die Räumlichkeiten für wissenschaftliche Workshops und Seminare, Innovationstage sowie Networking-Events zur Verfügung. Außerdem können die Industrie- und Forschungspartner dort gemeinsame Innovationsprojekte in einem neutralen Umfeld initiieren und umsetzen. Der Showroom dient zudem als eine Art Wegweiser zu den regionalen und überregionalen Netzwerk-Partnern aus der Industrie und der Wissenschaft. Darüber hinaus soll die Zusammenarbeit durch Cross- und Interclustering-Maßnahmen mit anderen deutschen und europäischen Clustern intensiviert werden.  ",10.09.2015,31.12.2018,"377.875,00",50,Horb am Neckar,Deutschland                   ,"Förderung von Clustern und Unternehmensnetzen, vor allem zugunsten von KMU"
Universitätsstadt Mannheim   ,Business Development Office des Clusters Medizintechnologie für internationale Produktentwicklung und Vermarktung,"Das Business Development Office des Clusters Medizintechnologie Mannheim unterstützt Medizintechnologie-Unternehmen (KMU) im Cluster zielgerichtet und systematisch dabei, diagnostische und therapeutische Produkte und Systeme gemeinsam mit Partnern aus internationalen Innovations- und Wachstumsmärkten effizienter zu entwickeln und nachhaltiger zu vermarkten. Hierzu wird in ausgewählten Zielregionen der Zugang zu geeigneten Technologie-, Finanzierungs-, Forschungs- und Entwicklungspartnern sowie zu Partnern für die Marktentwicklung und Marktdurchdringung bis hin zu geeigneten, hochspezialisierten Fachkräften organisiert und begleitet. Zusätzlich werden internationale Unternehmen oder Niederlassungen systematisch angesprochen und für Ansiedlungen gewonnen, um eine komplementäre Verstärkung der eigenen Cluster-Unternehmen zu erreichen. Die Aktivitäten werden sich zunächst auf drei ausgewiesene Zielregionen in den USA, China und Israel konzentrieren und ggf. bedarfsgerecht ausgebaut.",03.09.2015,31.12.2018,"343.508,35",50,Mannheim,Deutschland                   ,"Förderung von Clustern und Unternehmensnetzen, vor allem zugunsten von KMU"
GVD Gemeinnütziger Verein der Drehteilehersteller e.V. ,Zukunftsfähigkeit der Zerspanungstechnik gestalten - Projekt 20XX,"Das Projekt Zukunft Zerspanung basiert auf einem Vier-Säulen-Konzept:    1. Zukunftsfähigkeit durch Innovation  Den Unternehmen erstmalig Zugang zur Forschung bezüglich neuer und substituierender Verfahren zu verschaffen (Roadmapping, Foresight-Aktivitäten, etc); marktbezogener Austausch mit anderen Clustern.    2. Know-how-Transfer und Wissensgenerierung  Qualifizierung von Fachkräften bzw. Weiterbildung entlang der Wertschöpfungskette; Branchen- und disziplinübergreifende Kooperationen (cross-sektoraler Know-how-Transfer)  zum Ausbau der Innovationskraft.    3. Ausbildungsberufe dem Bedarf anpassen  Anpassung der Ausbildungskonzepte an die zukünftigen Bedarfe, um in der Zerspanungsbranche sowohl bedarfsgerechte, als auch Nachfrage-orientierte Ausbildungsgänge anbieten zu können.    4. Nachwuchskräfte-Gewinnung  Erarbeitung innovativer Konzepte zur Erschließung neuer Zielgruppen (Mädchen, junge Frauen sowie Nachwuchskräfte außerhalb der Region); Begeisterung für die Zerspanungstechnik wecken.  ",26.08.2015,31.08.2018,"340.000,00",50,Gosheim,Deutschland                   ,"Förderung von Clustern und Unternehmensnetzen, vor allem zugunsten von KMU"
Lang Immobilien GmbH & Co.KG  ,Neubau eines Produktionsgebäudes mit Maschinen und Einrichtungen für die LANG LASER SYSTEM GmbH,"Die LANG LASER SYSTEM GmbH entwickelt und produziert branchenspezifische laserbasierte Systemlösungen für die industrielle Materialbearbeitung, u.a. auch für den Verpackungsbereich.   Für deren Weiterentwicklung auf neue Einsatzbereiche und deren Produktion müssen die Kapazitäten erweitert werden. Dies wird durch den Neubau des Produktionsgebäudes mit Maschinen und Einrichtungen möglich.   ",20.08.2015,20.08.2017,"400.000,00",50,Ummendorf,Deutschland                   ,"Unmittelbar mit Forschungs- und Innovationsaktivitäten verbundene Investitionen in Infrastruktur, Kapazitäten und Ausrüstung von KMU"
ERO-Führungen GmbH Erich Rothweiler & Söhne  ,Neubau eines Produktionsgebäudes mit Maschinen und Einrichtungen ,"Die ERO Führungen GmbH entwickelt und produziert Lineareinheiten, Linearsysteme und komplette Sondermaschinen mit Lineartechnik. Diese Technik wird eingesetzt, wenn etwas mit höchster Präzision bewegt werden muss.   Für die Einführung der neuen Produktlinie - kleine Abrichtmaschinen in modularem Aufbau - werden durch den Neubau neue Entwicklungs- und Produktionskapazitäten geschaffen.",06.08.2015,06.08.2017,"248.000,00",50,Löffingen,Deutschland                   ,"Unmittelbar mit Forschungs- und Innovationsaktivitäten verbundene Investitionen in Infrastruktur, Kapazitäten und Ausrüstung von KMU"
"Hochschule Ravensburg-Weingarten Technik, Wirtschaft, Sozialwesen",Digitaler Produktlebenszyklus,"Ziel dieses Forschungsvorhabens ist die ganzheitliche, vollständig digitale Abbildung und maschinelle Ausführbarkeit des Produktlebenszyklus (PLC). Forschungsaufgabe ist die konsistente Integration der einzelnen Domänen des PLC (Requirements, Entwurf, Produktarchitektur und Geometrie, virtueller Test, digitale Fabrik, ganzheitliche Kosten- und Energiebilanzierung) in ein Gesamtmodell. Zur Lösung dieser Aufgabe kommt ein Engineering- Framework aus graphenbasierten Entwurfssprachen zum Einsatz, das die Wiederverwendung von vorhandenen Engineering-Modellen und -Know-How erlaubt. Die industrielle Umsetzung soll anhand dreier Anwendungsfälle (PKW-Frontklappe, Quadrocopter und Segway) demonstriert und durch den begleitenden Industriekreis unterstützt und validiert werden. Die Methodik des wissensbasierten digitalen PLC soll an den Hochschulen über gemeinsame Lehr- und Weiterbildungsangebote vermittelt werden und zum gezielten Wissenstransfer in die industrielle Praxis dienen.",31.07.2015,31.07.2018,"1.499.100,00",50,Weingarten,Deutschland                   ,Forschungs- und Innovationstätigkeiten in öffentlichen Forschungseinrichtungen und Kompetenzzentren einschließlich Vernetzung
"Hochschule Ulm Technik, Informatik und Medien ",Innovative Millimeterwellen-Sensorik für industrielle Anwendungen,"Radarsensorik wurde bisher primär im Sicherheitsbereich, der Militärtechnik sowie in Fahrerassistenzsystemen eingesetzt. Mit dem ZAFH MikroSens soll KMUs in BW neuartige und hochintegrierte Millimeterwellentechnik für verschiedene, der Innovationstrategie des Landes folgende Applikationsfelder zugänglich gemacht werden.  Vor diesem Hintergrund wird auf radartechnische Innovationen im Bereich der Pegel- und Strömungssensorik (Umwelttechnologien), der Boden- und Straßenzustandserkennung (nachhaltige Mobilität), der Automatisierungstechnik (IKT und intelligente Produkte, Industrie 4.0, komplexe Messumgebungen) sowie der Mediensensorik und Medizintechnik fokussiert. Es soll eine kompakte Sensorplattform unter Beteiligung eines Industriebeirats aus KMUs in BW entstehen. Die Zusammenarbeit der Verbundpartner (drei HAWs und eine Universität) auf komplementären Gebieten ermöglicht es, auch Grundlagenforschung in das Projekt einzubringen und kooperative Promotionen zu initiieren.",31.07.2015,31.07.2018,"1.398.900,00",50,Ulm,Deutschland                   ,Forschungs- und Innovationstätigkeiten in öffentlichen Forschungseinrichtungen und Kompetenzzentren einschließlich Vernetzung
Hochschule für Technik Stuttgart  ,Zentrum für angewandte Forschung Urbane ENergiesysteme und Ressourceneffizienz,"Urbane Energiesysteme sind komplexe Strukturen, die sich durch zunehmend dezentralisierte und fluktuierende Erzeugung und verstärkte Vernetzung von Erzeugern und Verbrauchern auszeichnen. Um möglichst hohe Anteile erneuerbare Energien bei maximaler Energieeffizienz zu ermöglichen, werden intelligente Kommunikations- und Steuerungssysteme benötigt. Die zunehmende Kombination von elektrischen und thermischen Netzen und Speichern sowie die Aktivierung von Flexibilisierungsoptionen bei den Verbrauchern erfordert die Entwicklung von innovativen systemübergreifenden Ansätzen und Prozessanalysen, um zukunftsfähige und (ressourcen-) effiziente Lösungen bereitzustellen und Umsetzungsbarrieren abzubauen. Acht forschungsstarke HAWs kooperieren mit (außer) universitären Partnern, Firmen und Kommunen um urbane Simulations-, Automatisierungs- und Optimierungstools mit zugehörigen Geschäftsmodellen zu entwickeln und diese in fünf Praxis-Fallstudien einzusetzen und exemplarisch zu erproben.",31.07.2015,31.07.2018,"1.497.780,00",50,Stuttgart,Deutschland                   ,"Forschungs- und Innovationsinfrastruktur, Prozesse, Technologietransfer und Zusammenarbeit in Unternehmen mit Schwerpunkt auf der CO2-armen Wirtschaft und der Verstärkung der Widerstandsfähigkeit gegenüber dem Klimawandel"
Packaging Valley Germany e.V  ,Virtual - Reality- und Innovationscenter für den Verpackungsmaschinenbau und andere interessierte Unternehmen.,"Packaging Valley stellt in einem Virtual Reality Innovation-Center den Rahmen für die Anwendung u.Weiterentwicklung von VR in unmittelbarer Nähe der Unternehmen zur Verfügung.  Die Methoden des virtuellen Engineerings sind eine Schlüsseltechnologie für die zukünftige Wettbewerbsfähigkeit im Sondermaschinenbau. Insbesondere im Bereich der Verpackungsmaschinen werde beispielsweise die Themen virtuelles Design, digital Mock-ups, virtuelle Inbetriebnahem, Prozesssimulation sowie Training und Schulung mittels VR als bedeutsam für die Verteidigung und den Ausbau der Wettbewerbsposition betrachtet. Die Visualisierung und 3 D Präsentation ist auch Bestandteil der Integration von Industrie 4.0 in den Sondermaschinenbau. Über Cloudlösungen können in der Zukunft die weltweiten Kundenstandorte auch durch VR - Lösungen bedient werden. Durch die VR - Simulation und Darstellung können Einsparungen und Verbesserungen der Ressourcen für Prototypen und Neuentwicklungen erzielt werden.  ",31.07.2015,31.07.2018,"400.000,00",50,Schwäbisch Hall,Deutschland                   ,"Förderung von Clustern und Unternehmensnetzen, vor allem zugunsten von KMU"
MCAT GmbH   ,Neubau Betriebsgebäude,"Die MCAT GmbH entwickelt und produziert Substanzen zur Katalyse von Herstellungsprozessen, die es ermöglichen, den Wirkungsgrad zu erhöhen. Mit der Förderung wird der Neubau zur Entwicklung von metall- und elementarorganischen Katalysatoren für Life Science Technologien unterstützt.",30.06.2015,30.06.2017,"228.620,00",50,Donaueschingen,Deutschland                   ,"Unmittelbar mit Forschungs- und Innovationsaktivitäten verbundene Investitionen in Infrastruktur, Kapazitäten und Ausrüstung von KMU"
LADOG-Fahrzeugbau und Vertriebs-GmbH  ,Ausstattung der Produktionshalle mit Maschinen und Einrichtungen,Die LADOG Fahrzeugbau und Vertriebs-GmbH entwickelt und produziert Kommunalfahrzeuge. Diese sollen nun mit einem alternativen Brennstoffzellenantrieb ausgerüstet werden. Mit der Förderung wird die Betriebserweiterung durch den Neubau einer Produktionshalle mit Maschinen unterstützt.,26.06.2015,26.06.2017,"350.360,00",50,Zell am Harmersbach,Deutschland                   ,"Unmittelbar mit Forschungs- und Innovationsaktivitäten verbundene Investitionen in Infrastruktur, Kapazitäten und Ausrüstung von KMU"
GÖTTFERT Werkstoff- Prüfmaschinen GmbH  ,"Erweiterung Betriebsgebäude mit Labor, Forschungsbereich und Schulungsräumen","Die Göttfert Werkstoff-Prüfmaschinen GmbH entwickelt und produziert Geräte zur Prüfung des Deformations- und Fließverhaltens von Thermoplasten, Duromeren und Kautschuk. Mit der Förderung wird die Erweiterung der Produktionsflächen, der Labore und des Forschungsbereichs sowie die Schaffung von Schulungsräumen unterstützt.",08.05.2015,08.05.2017,"400.000,00",50,Buchen (Odenwald),Deutschland                   ,"Unmittelbar mit Forschungs- und Innovationsaktivitäten verbundene Investitionen in Infrastruktur, Kapazitäten und Ausrüstung von KMU"
Vektor Pharma TF GmbH   ,Neubau eines Produktions- und Entwicklungsgebäudes,Die Vektor Pharma TF GmbH entwickelt und produziert transdermal wirkende Arzneimittel und zugehörige Fertigungstechnologien. Der Einsatzbereich der transdermalen Arzneiformen soll auf die Behandlung weiterer Krankheiten ausgedehnt werden. Mit der Förderung wird der Neubau eines Produktions- und Entwicklungsgebäudes mit Labors und Pharmaproduktionsräumen unterstützt. ,08.05.2015,08.05.2017,"400.000,00",50,Uttenweiler,Deutschland                   ,"Unmittelbar mit Forschungs- und Innovationsaktivitäten verbundene Investitionen in Infrastruktur, Kapazitäten und Ausrüstung von KMU"
,Neubau eines Büro- und Verwaltungsgebäudes mit Anpassung des Gebäudebestands für die mts Maschinenbau GmbH,Die mts Maschinenbau GmbH entwickelt und produziert u.a. Lager- und Transportsysteme für Produktionsprozesse. Diese können damit hinsichtlich Ressourceneffizienz und Verfügbarkeit optimiert werden. Mit der Förderung wird der Neubau eines Büro- und Verwaltungsgebäudes sowie Modernisierung des Bestandsgebäudes unterstützt.,23.04.2015,23.04.2017,"214.500,00",50,Mengen,Deutschland                   ,"Unmittelbar mit Forschungs- und Innovationsaktivitäten verbundene Investitionen in Infrastruktur, Kapazitäten und Ausrüstung von KMU"
NEHER DIA GmbH & Co.KG   ,Errichtung eines Technologiezentrums,Die Neher DIA GmbH & Co. KG entwickelt und produziert u.a. Bohrtechnik für Spezialmaterialien in der Luft- und Raumfahrt sowie der Medizintechnik. Für die unterschiedlichen Materialanforderungen werden neue Werkzeuge mit CVD-Beschichtung (chemische Gasphasenabscheidung) gefertigt. Mit der Förderung wird die Errichtung eines Technologiezentrums unterstützt.,03.03.2015,03.03.2017,"400.000,00",50,Ostrach,Deutschland                   ,"Unmittelbar mit Forschungs- und Innovationsaktivitäten verbundene Investitionen in Infrastruktur, Kapazitäten und Ausrüstung von KMU"
Jäger Handling GmbH   ,Ausstattung der Produktionshalle mit Automatisierungstechnik,"Die Jäger Handling GmbH entwickelt und produziert Handhabungsgeräte und Sonderabtriebskomponenten zur Montageautomatisierung im Bereich der Schraubtechnik. Die entwickelten Sondermaschinen zeichnen sich durch standardisierte Komponenten aus, wodurch eine modulare Bauweise möglich wird. Mit der Förderung wird der Neubau einer Produktionshalle mit Büroanbau unterstützt.",20.02.2015,19.02.2017,"400.000,00",50,Sulzbach-Laufen,Deutschland                   ,"Unmittelbar mit Forschungs- und Innovationsaktivitäten verbundene Investitionen in Infrastruktur, Kapazitäten und Ausrüstung von KMU"
Vermögen und Bau BW Universitätsbauamt Stuttgart u. Hohenheim ,Neubau einer Forschungsfabrik für den Forschungscampus ARENA2036 (UNI-Campus Stgt. Vaihingen),"Im Forschungscampus ARENA2036 wird eine Brücke zwischen Forschung und Entwicklung im Bereich des Leichtbaus und innovativer Produktionstechnologien geschlagen.  In den ARENA2036-Leichtbauprojekten werden zukünftig nicht nur Bauteile auf der Basis faserverstärkter Kunststoffe (FVK) entwickelt, sondern es sollen auch metallische Werkstoffe, die sich durch ein geringeres Gewicht auszeichnen, eingebunden werden.   Durch das Integrieren von multifunktionalen Eigenschaften in Bauteile wie zum Beispiel Maßnahmen zur Schall- und Wärmedämmung, sowie thermische, sensorische und elektrische Leitungen, werden Gewicht- und Kostenersparnisse erzielt.  Alle Aktivitäten des Forschungscampus ARENA2036 werden in einer Forschungsfabrik systematisch zusammengeführt. So entstehen eine direkte Rückkopplung zwischen Theorie und Praxis und ein enger Austausch zwischen den verschiedenen Disziplinen.",06.02.2015,31.12.2022,"30.000.000,00",50,Stuttgart,Deutschland                   ,Forschungs- und Innovationsinfrastruktur (öffentlich)
adaptronic Prüftechnik GmbH   ,Neubau eines Betriebsgebäudes,"Die adaptronic Prüftechnik GmbH entwickelt und produziert Innovative Systemlösungen zum Adaptieren und Testen von Kabelsätzen, Baugruppen, Schaltschränken und anderen elektrischen Komponenten. Mit der Förderung wird der Neubau eines Betriebsgebäudes zur Umsetzung der Innovations- und Wachstumsstrategie unterstützt.",03.02.2015,03.02.2017,"400.000,00",50,Wertheim,Deutschland                   ,"Unmittelbar mit Forschungs- und Innovationsaktivitäten verbundene Investitionen in Infrastruktur, Kapazitäten und Ausrüstung von KMU"
,Neubau Firmengebäude  für die Dr. Fenyves und Gut DE GmbH,Die Dr. Fenyves und Gut DE GmbH entwickelt und produziert mobile und stationäre Geräte zur Schlafdiagnostik. Mit weiterentwickelten mobilen Geräten werden die Möglichkeiten der Diagnostik erweitert. Mit der Förderung wird der Neubau zur Entwicklung und Produktion unterstützt.,29.01.2015,29.01.2017,"400.000,00",50,Rangendingen,Deutschland                   ,"Unmittelbar mit Forschungs- und Innovationsaktivitäten verbundene Investitionen in Infrastruktur, Kapazitäten und Ausrüstung von KMU"
Land Baden-Württemberg,Verwaltung und Kontrolle,"EFRE 2014-2020: Die aus der Technischen Hilfe finanzierten Personal- und Abwicklungsmaßnahmen dienen dazu, das EFRE-Programm in Baden-Württemberg recht- und ordnungsgemäß umzusetzen. Hierunter fallen beispielsweise Bewilligungen und Auszahlungen, Datenerhebung, -erfassung und -auswertung, Berichterstattungen, Prüfungen und Kontrollen. ",01.01.2015,31.12.2023,"16.997.073,55",50,Stuttgart,Deutschland                   ,"Vorbereitung, Durchführung, Begleitung und Kontrolle"
vapic GmbH   ,Ausstattung der Produktionshalle mit Maschinen und Einrichtungen,"Die vapic GmbH entwickelt und produziert ressourceneffiziente Reinigungsanlagen für die Reinigung industriell gefertigter Teile. Dabei werden kundenspezifische Sonderlösungen erarbeitet, bei denen Anlagentechnik, Prozess und Reinigungschemie aufeinander abgestimmt werden, um Schäden an den zu reinigenden Teilen auszuschließen und die Umweltbelastung zu reduzieren. Mit der Förderung wird der Neubau einer Produktionshalle mit integrierten Flächen für Demonstrationsanlagen unterstützt.  ",28.11.2014,28.11.2016,"400.000,00",50,Neubulach,Deutschland                   ,"Unmittelbar mit Forschungs- und Innovationsaktivitäten verbundene Investitionen in Infrastruktur, Kapazitäten und Ausrüstung von KMU"
,Neubau eines Büro- und Produktionsgebäudes für die VMS-Maschinenbau GmbH,"Die VMS-Maschinenbau GmbH entwickelt und produziert vollaseptische Abfüll- und Verschließmaschinen für vorgefertigte Kunststoffverpackungen, vorrangig für die Lebensmittelindustrie. Durch den Einsatz der Maschinen kann die Haltbarkeit der abgefüllten Produkte, trotz des Verzichts auf Konservierungsmittel, erhöht werden. Mit der Förderung wird der Neubau eines Büro- und Produktionsgebäudes unterstützt. ",31.10.2014,31.10.2016,"400.000,00",50,Obersontheim,Deutschland                   ,"Unmittelbar mit Forschungs- und Innovationsaktivitäten verbundene Investitionen in Infrastruktur, Kapazitäten und Ausrüstung von KMU"
Carl Meiser GmbH & Co.KG   ,Erweiterung Produktionshalle mit Maschineninvestition,"Die Carl Meiser GmbH & Co. KG entwickelt und produziert technische Textilien, die einem kunststoffbasierendem Beschichtungsverfahren unterzogen werden. Die dabei entstehenden kombinierten Werkstoffe verfügen über innovative Produkteigenschaften. Mit der Förderung wird die Erweiterung der Produktionshalle und die Investition in eine Beschichtungsanlage mit ergänzender Behandlungseinheit für die grafische Bearbeitung von Textilien unterstützt. ",30.10.2014,30.10.2016,"307.230,00",50,Albstadt,Deutschland                   ,"Unmittelbar mit Forschungs- und Innovationsaktivitäten verbundene Investitionen in Infrastruktur, Kapazitäten und Ausrüstung von KMU"
Handwerkskammer Ulm  ,Technologietransferstelle innovative Energietechnologien & Energieeffizienz für KMU`S,"Das Vorhaben hat das Ziel, die Wissenschaft und KMU's näher aneinander rücken zu lassen. Mit der Kernkompetenz der innovativen Energietechnologien in der Wissenschaftsstadt Ulm wird ein wichtiger Beitrag für die Steigerung der Energieeffizienz und der nachhaltigen Energieerzeugung sowie Verbrauch geleistet. Das WBZU bildet hier den Kristallisationskeim in der Wissenschaftsstadt und bietet verschiedene Veranstaltungsformate als auch einen Runden Tisch zur Stärkung der Kooperation von KMU's mit der Wissenschaft. Dadurch kann die Energiewende aktiv im Mittelstand gestaltet und gelebt werden.",01.10.2014,30.09.2018,"368.516,93",50,Ulm,Deutschland                   ,"Technologietransfer und Zusammenarbeit zwischen Hochschulen und Unternehmen, vor allem zugunsten von KMU"
IHK Bodensee-Oberschwaben  ,Team Technologietransfer: Connecting 4 Innovation,Im Rahmen des Vorhabens soll ein(e) Technologietransfermanager/in der IHK Bodensee Oberschwaben aktiv Kooperationen und Technologietransfer zwischen Unternehmen und Forschungseinrichtungen sowie zwischen verschiedenen Unternehmen initiieren.  Gleichzeitig sollen systematisches Technologiescouting sowie fortlaufend weiterentwickelte Transfermechanismen mit Fokus auf den baden-württembergischen Wachstumsfeldern den Technologietransfer nachhaltig verstetigen. Dies soll insbesondere erreicht werden durch den gezielten Besuch von Unternehmen sowie den Ausbau von Kontakten zu Hochschulen und Forschungseinrichtungen  sowie durch geeignete Veranstaltungen und Informationsangebote. In Zusammenarbeit mit Technologietransfer-Akteuren in der Region und in ganz Baden-Württemberg sollen Mechanismen zum Ausbau der landesweiten Vernetzung und zur Weiterentwicklung des Technologietransfers erarbeitet werden  ,01.10.2014,31.05.2019,"369.351,25",50,Weingarten,Deutschland                   ,"Technologietransfer und Zusammenarbeit zwischen Hochschulen und Unternehmen, vor allem zugunsten von KMU"
IHK Nordschwarzwald   ,Team Transfertechnologie: Connecting 4 Innovation,Im Rahmen des Vorhabens soll ein(e) Technologietransfermanager/in der IHK Nordschwarzwald aktiv Kooperationen und Technologietransfer zwischen Unternehmen und Forschungseinrichtungen sowie zwischen verschiedenen Unternehmen initiieren.  Gleichzeitig sollen systematisches Technologiescouting sowie fortlaufend weiterentwickelte Transfermechanismen mit Fokus auf den baden-württembergischen Wachstumsfeldern den Technologietransfer nachhaltig verstetigen. Dies soll insbesondere erreicht werden durch den gezielten Besuch von Unternehmen sowie den Ausbau von Kontakten zu Hochschulen und Forschungseinrichtungen  sowie durch geeignete Veranstaltungen und Informationsangebote. In Zusammenarbeit mit Technologietransfer-Akteuren in der Region und in ganz Baden-Württemberg sollen Mechanismen zum Ausbau der landesweiten Vernetzung und zur Weiterentwicklung des Technologietransfers erarbeitet werden.,01.10.2014,31.12.2018,"371.105,00",50,Pforzheim,Deutschland                   ,"Technologietransfer und Zusammenarbeit zwischen Hochschulen und Unternehmen, vor allem zugunsten von KMU"
IHK Region Stuttgart  ,Team Technologietransfer: Connecting 4 Innovation,Im Rahmen des Vorhabens soll ein(e) Technologietransfermanager/in der IHK Region Stuttgart aktiv Kooperationen und Technologietransfer zwischen Unternehmen und Forschungseinrichtungen sowie zwischen verschiedenen Unternehmen initiieren.  Gleichzeitig sollen systematisches Technologiescouting sowie fortlaufend weiterentwickelte Transfermechanismen mit Fokus auf den baden-württembergischen Wachstumsfeldern den Technologietransfer nachhaltig verstetigen. Dies soll insbesondere erreicht werden durch den gezielten Besuch von Unternehmen sowie den Ausbau von Kontakten zu Hochschulen und Forschungseinrichtungen  sowie durch geeignete Veranstaltungen und Informationsangebote. In Zusammenarbeit mit Technologietransfer-Akteuren in der Region und in ganz Baden-Württemberg sollen Mechanismen zum Ausbau der landesweiten Vernetzung und zur Weiterentwicklung des Technologietransfers erarbeitet werden  ,01.10.2014,30.09.2018,"369.351,25",50,Stuttgart,Deutschland                   ,"Technologietransfer und Zusammenarbeit zwischen Hochschulen und Unternehmen, vor allem zugunsten von KMU"
IHK Reutlingen   ,Team Technologietransfer: Connecting 4 Innovation,Im Rahmen des Vorhabens soll ein(e) Technologietransfermanager/in der IHK Reutlingen aktiv Kooperationen und Technologietransfer zwischen verschiedenen Unternehmen und Forschungseinrichtungen sowie zwischen verschiedenen Unternehmen initiieren. Gleichzeitig sollen systematisches Technologiescouting sowie fortlaufend weiterentwickelte Transfermechanismen mit Fokus auf den baden-württembergischen Wachstumsfeldern den Technologietransfer nachhaltig verstetigen. Dies soll insbesondere erreicht werden durch den gezielte Besuch von Unternehmen sowie den Ausbau von Kontakten zu Hochschulen und Forschungseinrichtungen sowie durch geeignete Veranstaltungen und Informationsangebote. In Zusammenarbeit mit Technologietransfer-Akteuren in der Region und in ganz Baden-Württemberg sollen Mechanismen zum Ausbau der landesweiten Vernetzung und zur Weiterentwicklung des Technologietransfers erarbeitet werden.,01.10.2014,30.09.2018,"369.351,25",50,Reutlingen,Deutschland                   ,"Technologietransfer und Zusammenarbeit zwischen Hochschulen und Unternehmen, vor allem zugunsten von KMU"
IHK Rhein-Neckar  ,Team Technologietransfer: Connecting 4 Innovation,Im Rahmen des Vorhabens soll ein(e) Technologietransfermanager/in der IHK Rhein-Neckar aktiv Kooperationen und Technologietransfer zwischen Unternehmen und Forschungseinrichtungen sowie zwischen verschiedenen Unternehmen initiieren. Gleichzeitig soll ein systematisches Technologiescouting sowie fortlaufend weiterentwickelte Transfermechanismen mit Fokus auf den baden-württembergischen Wachstumsfeldern den Technologietransfer nachhaltig verstetigen. Dies soll insbesondere erreicht werden durch den gezielten Besuch von Unternehmen sowie den Ausbau von Kontakten zu Hochschulen und Forschungseinrichtungen sowie durch geeignete Veranstaltungen und Informationsangebote. In Zusammenarbeit mit Technologietransfer-Akteure in der Region und in ganz Baden-Württemberg sollen Mechanismen zum Ausbau der landesweiten Vernetzung und zur Weiterentwicklung des Technologietransfers erarbeitet werden.,01.10.2014,30.09.2018,"369.351,25",50,Heidelberg,Deutschland                   ,"Technologietransfer und Zusammenarbeit zwischen Hochschulen und Unternehmen, vor allem zugunsten von KMU"
IHK Schwarzwald-Baar-Heuberg  ,Team Technologietransfer: Connecting 4 Innovation,Im Rahmen des Vorhabens soll ein(e) Technologietransfermanager/in der IHK Schwarzwald-Baar-Heuberg aktiv Kooperationen und Technologietransfer zwischen Unternehmen und Forschungseinrichtungen sowie zwischen verschiedenen Unternehmen initiieren.  Gleichzeitig sollen systematisches Technologiescouting sowie fortlaufend weiterentwickelte Transfermechanismen mit Fokus auf den baden-württembergischen Wachstumsfeldern den Technologietransfer nachhaltig verstetigen. Dies soll insbesondere erreicht werden durch den gezielten Besuch von Unternehmen sowie den Ausbau von Kontakten zu Hochschulen und Forschungseinrichtungen  sowie durch geeignete Veranstaltungen und Informationsangebote. In Zusammenarbeit mit Technologietransfer-Akteuren in der Region und in ganz Baden-Württemberg sollen Mechanismen zum Ausbau der landesweiten Vernetzung und zur Weiterentwicklung des Technologietransfers erarbeitet werden  ,01.10.2014,30.09.2018,"312.710,88",50,Villingen-Schwenningen,Deutschland                   ,"Technologietransfer und Zusammenarbeit zwischen Hochschulen und Unternehmen, vor allem zugunsten von KMU"
IHK Südlicher Oberrhein  ,Team Technologietransfer: Connecting 4 Innovation,Im Rahmen des Vorhabens soll ein(e) Technologietransfermanager/in der IHK Südlicher Oberrhein aktiv Kooperationen und Technologietransfer zwischen Unternehmen und Forschungseinrichtungen sowie zwischen verschiedenen Unternehmen initiieren.  Gleichzeitig sollen systematische Technologiescouting sowie fortlaufend weiterentwickelte Transfermechanismen mit Fokus auf den baden-württembergischen Wachstumsfeldern den Technologietransfer nachhaltig verstetigen. Dies soll insbesondere erreicht werden durch den gezielten Besuch von Unternehmen sowie den Ausbau von Kontakten zu Hochschulen und Forschungseinrichtungen sowie durch geeignete Veranstaltungen und Informationsangebote. In Zusammenarbeit mit Technologietransfer-Akteuren in der Region und in ganz Baden-Württemberg sollen Mechanismen zum Ausbau der landesweiten Vernetzung und zur Weiterentwicklung des Technologietransfers erarbeitet werden.,01.10.2014,30.09.2018,"328.234,82",50,Freiburg im Breisgau,Deutschland                   ,"Technologietransfer und Zusammenarbeit zwischen Hochschulen und Unternehmen, vor allem zugunsten von KMU"
IHK Ulm  ,Team Technologietransfer: Connecting 4 Innovation,Im Rahmen des Vorhabens soll ein(e) Technologietransfermanager/in der IHK Ulm aktiv Kooperationen und Technologietransfer zwischen Unternehmen und Forschungseinrichtungen sowie zwischen verschiedenen Unternehmen initiieren.  Gleichzeitig sollen systematisches Technologiescouting sowie fortlaufend weiterentwickelte Transfermechanismen mit Fokus auf den baden-württembergischen Wachstumsfeldern den Technologietransfer nachhaltig verstetigen. Dies soll insbesondere erreicht werden durch den gezielten Besuch von Unternehmen sowie den Ausbau von Kontakten zu Hochschulen und Forschungseinrichtungen  sowie durch geeignete Veranstaltungen und Informationsangebote. In Zusammenarbeit mit Technologietransfer-Akteuren in der Region und in ganz Baden-Württemberg sollen Mechanismen zum Ausbau der landesweiten Vernetzung und zur Weiterentwicklung des Technologietransfers erarbeitet werden  ,01.10.2014,30.09.2018,"369.351,25",50,Ulm,Deutschland                   ,"Technologietransfer und Zusammenarbeit zwischen Hochschulen und Unternehmen, vor allem zugunsten von KMU"
Ministerium für Finanzen und Wirtschaft Baden-Württemberg ,ClusterAgentur Baden-Württemberg  ,"Die ClusterAgentur Baden-Württemberg treibt die Clusterentwicklung in den strategischen Wachstumsfeldern und Branchen im Land voran. Sie unterstützt insgesamt die Cluster- und Netzwerk-Landschaft in Baden-Württemberg. Ziel ist es die Cluster-Initiativen weiter zu professionalisieren und dadurch den Nutzen für die KMU zu erhöhen. Die ClusterAgentur Baden-Württemberg stellt z. B. für alle Cluster-Initiativen relevante Services zur Verfügung, bietet Unterstützungsleistungen für Clustermanagements, führt clusterrelevante Modellprojekte durch und kooperiert mit dem Ministerium für Finanzen und Wirtschaft bei der Umsetzung der Cluster-Förderung.  Die ClusterAgentur Baden-Württemberg ist damit die zentrale Agentur zur Unterstützung der Cluster-Initiativen im Land. Die Arbeit der Cluster-Unterstützungsagentur richtet sich an den Bedarfen der Cluster-Initiativen und an der Politik des Ministeriums für Finanzen und Wirtschaft aus.  ",01.10.2014,30.09.2017,"3.008.317,38",50,Stuttgart,Deutschland                   ,"Förderung von Clustern und Unternehmensnetzen, vor allem zugunsten von KMU"
Vermögen und Bau BW Universitätsbauamt Heidelberg ,"Neubau eines Forschungsgebäudes für das European Institute for Neuromorphic Computing (Human-Brain-Project, HBP)",Das Europäische Human Brain Projekt (HBP) hat im Oktober 2013 seine Arbeit aufgenommen. In Heidelberg werden für das HBP neuartige Computersysteme nach dem Vorbild des Gehirns entwickelt. Nach einer Anlaufphase des Projektes soll in dem geplanten Neubau das weltweit größte NM-PM (neuromorphic physical model) System aufgebaut werden. Dieses System aus bis zu 10.000 Silizium Wafern würde mit einer Komplexität von etwa 10^13 synaptischen Verbindungen kleinere Säugetiergehirne oder ganze funktionale Systeme des menschlichen Hirns wie beispielsweise das visuelle System mit einem Beschleunigungsfaktor von 1.000 emulieren können. Es wäre damit ein einmaliges Werkzeug für die Grundlagenforschung und mögliche Anwendungen dieser Methode.,01.10.2014,30.06.2023,"18.000.000,00",50,Heidelberg,Deutschland                   ,Forschungs- und Innovationsinfrastruktur (öffentlich)
Wirtschaftsförderung Region Stuttgart GmbH  ,Technologietransfer für die Produktionstechnik in der Region Stuttgart,"Das Vorhaben zur Steigerung des Technologietransfers in der Produktionstechnik hat hat neben der Entwicklung und Umsetzung geeigneter Instrumente und Formate für das effektive Zusammenbringen beider Transferparteien auch eins strategisch ausgerichtetes und abgestimmtes Zusammenspiel möglichst vieler Transfereinheiten, Institutionen und Multiplikatoren zum Ziel. Mit der Spezialisierung auf den Technologiebereich Produktionstechnik, die Unternehmensgröße KMU und die Transfereinrichtung vom Wissenspool zur Anwendung kann ein zusätzlicher Baustein für die Spezifika der Region und die darauf rekurrierende Strategie ausgelegtes Transfersystem entwickelt werden, das externe Transferunterstützung  dort einsetzen soll, exakt wo und wie sie gebraucht wird. Dabei gilt es zum Abbau zweifellos vorhandener Barrieren neben einer besseren Transparenz über verwertbare Lösungen oder Lösungsbedarfe auch Fortschritte im Bereich der Förderung der Bereitschaft und Fähigkeit zum Transfer zu erzielen.",01.10.2014,31.01.2019,"369.351,25",50,Stuttgart,Deutschland                   ,"Technologietransfer und Zusammenarbeit zwischen Hochschulen und Unternehmen, vor allem zugunsten von KMU"
Mon Tech Werkstoffprüfmaschinen GmbH  ,"Ausstattung der Produktions-, Montage- und Konstruktionsflächen mit Maschinen und Einrichtungen","Die MonTech Werkstoffprüfmaschinen GmbH entwickelt und produziert kundenspezifische Werkstoffprüfmaschinen für die Mischungsfreigabe von Werkstoffen und die Prozessüberwachung. Diese werden insbesondere von der Gummi-, Kautschuk- und Elastomer verarbeitenden Industrie eingesetzt. Mit der Förderung wird der Erweiterungsbau zur Vergrößerung der Produktions-, Montage- und Konstruktionsflächen unterstützt.    ",08.09.2014,08.09.2016,"400.000,00",50,Buchen (Odenwald),Deutschland                   ,"Unmittelbar mit Forschungs- und Innovationsaktivitäten verbundene Investitionen in Infrastruktur, Kapazitäten und Ausrüstung von KMU"
Blazejewski MEDI-TECH GmbH   ,Neubau eines Produktions- und Verwaltungsgebäudes,"Die Blazejewski MEDI-TECH GmbH entwickelt und produziert kundenspezifische Endoskope und medizintechnische Präzisionsgeräte mit mechanischen, elektronischen und faseroptischen Komponenten für die minimalinvasive Chirurgie. Mit der Förderung wird der Neubau eines Produktionsgebäudes mit angegliedertem Verwaltungs- und Entwicklungsbereich zur Umsetzung der Innovations- und Wachstumsstrategie unterstützt. ",28.08.2014,28.08.2016,"400.000,00",50,Sexau,Deutschland                   ,"Unmittelbar mit Forschungs- und Innovationsaktivitäten verbundene Investitionen in Infrastruktur, Kapazitäten und Ausrüstung von KMU"
,Erwerb und Umbau einer bestehenden Gewerbeimmobilie für die Boss Lubricants GmbH & Co. KG,"Die Boss Lubricants GmbH & Co. KG entwickelt und produziert kundenspezifische Prozessflüssigkeiten, Industrie- und Spezialschmierstoffe. Die Entwicklung und Produktion humanverträglicher Fluids und Schmierstoffe ist ein weiteres Geschäftsfeld. Diese werden beispielsweise für hochkomplexe Instrumente im OP-Bereich zur Wartung und Pflege eingesetzt.  Mit der Förderung wird der Erwerb und Umbau einer Gewerbebrache zur Erweiterung von Lager- und Produktionsflächen mit Reinraum sowie der Ausbau des Forschungs- und Entwicklungsbereichs unterstützt. ",11.08.2014,11.08.2016,"400.000,00",50,Albstadt,Deutschland                   ,"Unmittelbar mit Forschungs- und Innovationsaktivitäten verbundene Investitionen in Infrastruktur, Kapazitäten und Ausrüstung von KMU"
,Neubau eines Büro- und Produktionsgebäudes in Neuenstein zur Vermietung an das Unternehmen mf microfilter gmbh.,"Die microfilter sindringen Filter-Fertigungs GmbH entwickelt und produziert kundenspezifische, klebestoff- und schweißnahtfreie Filter und Filtereinsätze für flüssige und gasförmige Medien. Durch die innovativen Verbindungsverfahren können materialverändernde Einwirkungen durch Klebestoffe oder Schweißnähte ausgeschlossen werden. Mit der Förderung wird der Neubau eines Büro- und Produktionsgebäudes unterstützt.    ",02.07.2014,02.07.2016,"400.000,00",50,Neuenstein,Deutschland                   ,"Unmittelbar mit Forschungs- und Innovationsaktivitäten verbundene Investitionen in Infrastruktur, Kapazitäten und Ausrüstung von KMU"
,Neubau eines Produktionsgebäudes mit integrierten Laboren und Versuchsfeldern für die i-mation GmbH,Die i-mation GmbH entwickelt und produziert Prüfsysteme und Automatisierungslösungen unter Einsatz industrieller Bildverarbeitung. Mit der Förderung wird der Neubau eines Produktionsgebäudes mit integrierten Laboren für Forschungs- und Entwicklungsarbeiten inkl. Grunderwerb unterstützt. ,05.06.2014,05.06.2016,"400.000,00",50,Rottweil,Deutschland                   ,"Unmittelbar mit Forschungs- und Innovationsaktivitäten verbundene Investitionen in Infrastruktur, Kapazitäten und Ausrüstung von KMU"
Sonett Vermögensverwaltung GmbH  ,Neubau eines Logistikgebäudes mit optimierter Lagertechnik zur Nutzung durch die Sonett OHG,"Die Sonett OHG ist Hersteller ökologischer Wasch- und Reinigungsmittel in überwiegend flüssiger Form. Ca. 50 % der Gesamtproduktion wird in europäischen und außereuropäischen Ländern vertrieben.   Für die neue Produktlinie in der Pulverproduktion und -abfüllung -  d.h. automatisches Mischen, Abfüllen, Verpacken bis hin zum Einschweißen der Verpackungseinheiten - müssen Kapazitäten in den bestehenden Produktionsgebäuden geschaffen werden. Dies wird möglich, indem der Lager- und Logistikbereich in den geförderten Neubau umziehen kann.",22.05.2014,22.05.2016,"400.000,00",50,Deggenhausertal,Deutschland                   ,"Unmittelbar mit Forschungs- und Innovationsaktivitäten verbundene Investitionen in Infrastruktur, Kapazitäten und Ausrüstung von KMU"
Inka Holding u. Immobilien GmbH & Co.KG  ,"Erwerb und Umbau eines bestehenden Betriebsgebäudes zur Erweiterung der Büro-, Lager- und Produktionsflächen","Die INKA Holding und Immobilien GmbH & Co. KG entwickelt und produziert ressourcenschonende Wasseraufbereitungsanlagen und aus Kunststoff gefertigte Bauteile für Schwimmbäder. Zur Realisierung der Wachstumsstrategie müssen zusätzliche Kapazitäten geschaffen werden. Mit der Förderung wird die Betriebserweiterung durch Erwerb und Umbau eines bestehenden Betriebsgebäudes, in dem Lager-, Produktions- und Büroflächen zusammengeführt werden, unterstützt. ",07.05.2014,07.05.2016,"231.950,00",50,Wertheim,Deutschland                   ,"Unmittelbar mit Forschungs- und Innovationsaktivitäten verbundene Investitionen in Infrastruktur, Kapazitäten und Ausrüstung von KMU"
Land Baden-Württemberg,Informations- und Kommunikationsmaßnahmen,"Maßnahmen der Öffentlichkeitsarbeit wie Werbemittel, Veranstaltungen, Broschüren und EFRE-Website dienen der Erhöhung der Sichtbarkeit des EFRE-Programms Baden-Württemberg 2014-2020 - Innovation und Energiewende. Sie sollen über die Ziele und Inhalte des Programms informieren und zu seiner Verbreitung beitragen sowie die Rolle und Errungenschaften des EFRE und den europäischen Mehrwert der Förderung für eine breite Öffentlichkeit und potenzielle Zuwendungsempfänger darstellen.   ",11.04.2014,31.12.2023,"660.168,41",50,Stuttgart,Deutschland                   ,Information und Kommunikation
CleanControlling Medical GmbH & Co.KG  ,Umbau und Ausstattung des Produktionsgebäudes mit Maschinen- und Einrichtungen,Die CleanControlling GmbH und die CleanControlling Medical GmbH & Co.KG entwickeln und produzieren Produkte und Zubehör zum Partikelmonitoring und sind Dienstleister von genormten und kundenspezifischen Restschmutzanalysen. Diese werden u.a. bei Automobilherstellern und -zulieferern sowie im medizintechnischen Bereich eingesetzt. Mit der Förderung wird die Erweiterung der Labor- und Produktionsflächen zur Umsetzung der Innovations- und Wachstumsstrategie unterstützt.   ,31.03.2014,31.03.2016,"205.000,00",50,Emmingen-Liptingen,Deutschland                   ,"Unmittelbar mit Forschungs- und Innovationsaktivitäten verbundene Investitionen in Infrastruktur, Kapazitäten und Ausrüstung von KMU"
AQUAERO BOYSEN REAL ESTATE GmbH  ,Neubau eines Büro- und Produktionsgebäudes mit integriertem Forschungs- und Entwicklungsbereich für die SACS GmbH,"SACS ist Hersteller von Befestigungs- und Verbindungselementen mit eigener Entwicklungsabteilung. SACS hat ein sehr großes Produktspektrum. Beginnend mit der Produktion von Standardbauteilen, sowie anspruchsvollen Dreh- und Frästeilen bis hin zu komplexen Tisch- und Türmechanismen für Business Jets besitzt die SACS ein fundiertes Wissen mit neuesten Technologien. Die Zusammenführung der Unternehmensstandorte stärkt die Innovationskraft. Die Errichtung eines Büro- und Produktionsgebäudes mit integriertem Forschungs- und Entwicklungsbereich wird mit der Förderung unterstützt.",28.03.2014,28.03.2016,"400.000,00",50,Empfingen,Deutschland                   ,"Unmittelbar mit Forschungs- und Innovationsaktivitäten verbundene Investitionen in Infrastruktur, Kapazitäten und Ausrüstung von KMU"
,Neubau einer Produktionshalle für die VRI Batterie-Technik GmbH,Die VRI Batterie-Technik GmbH entwickelt und produziert kundenspezifische Batterie- und Akkusysteme. Durch die Integration eines Forschungs- und Testlabors mit Maschinen und Einrichtungen wird die Produktionsstätte für die zukünftige Entwicklung des Betriebs gerüstet. Mit der Förderung wird der Neubau einer Produktionshalle unterstützt.,27.02.2014,27.02.2016,"400.000,00",50,Ellwangen (Jagst),Deutschland                   ,"Unmittelbar mit Forschungs- und Innovationsaktivitäten verbundene Investitionen in Infrastruktur, Kapazitäten und Ausrüstung von KMU"
,Neubau eines Betriebs- und Bürogebäudes für die I.C. Lercher GmbH & Co. KG,"Die I.C. Lercher GmbH & Co. KG entwickelt und produziert Lupenbrillen, LED-Beleuchtungssysteme für Lupenbrillen und Kamerasysteme für die medizinische als auch technische Nutzung. Mit der Förderung wird der Neubau eines  Büro- und Produktionsgebäudes mit Schulungs-, Lager- und Sozialräumen unterstützt.   ",24.02.2014,24.02.2016,"220.140,00",50,Stockach,Deutschland                   ,"Unmittelbar mit Forschungs- und Innovationsaktivitäten verbundene Investitionen in Infrastruktur, Kapazitäten und Ausrüstung von KMU"
ASP Facility GmbH & Co.KG   ,Neubau eines Büro- und Produktionsgebäudes für die Advanced Space Power Equipment GmbH,"Die Advanced Space Power Equipment GmbH entwickelt und produziert kundenspezifische Leistungselektronik für Luft- und Raumfahrtanwendungen, bspw. Spannungswandler.  Hinzu kommen Stromversorgungslösungen auf Brennstoffzellenbasis. Mit der Förderung wird der Neubau eines Büro- und Produktionsgebäudes mit integriertem Reinraum unterstützt. ",24.02.2014,24.02.2016,"400.000,00",50,Salem,Deutschland                   ,"Unmittelbar mit Forschungs- und Innovationsaktivitäten verbundene Investitionen in Infrastruktur, Kapazitäten und Ausrüstung von KMU"
Land Baden-Württemberg,Studien und Evaluation,Bewertungen und Studien unterstützen die effiziente und effektive Umsetzung des Programms. Sie bieten zudem Hinweise für die Programmsteuerung sowie die Verbesserung der laufenden und die Ausgestaltung künftiger Fördermaßnahmen. ,16.01.2014,31.12.2023,"2.037.764,40",50,Stuttgart,Deutschland                   ,Bewertung und Studien
,Neubau eines Laser-Technologiezentrums mit 3D-Laserbearbeitungsanlagen für die WESSNER Engineering GmbH,Die WESSNER Engineering GmbH entwickelt Laserbearbeitungsprozesse zur kostenoptimierten Herstellung und Produktion von Bauteilen. Dies beinhaltet die Konstruktion und Herstellung von lasergerechten Prototypen- sowie Serienvorrichtungen für die speziellen Bearbeitungsaufgaben. Mit der Förderung wird der Bau eines Laser-Technologiezentrums unterstützt. ,13.01.2014,13.01.2016,"400.000,00",50,Hettingen,Deutschland                   ,"Unmittelbar mit Forschungs- und Innovationsaktivitäten verbundene Investitionen in Infrastruktur, Kapazitäten und Ausrüstung von KMU"
Haufler Composites GmbH & Co.KG  ,Ausstattung des Büro- und Produktionsgebäudes mit Maschinen und Einrichtungen,"Haufler Composites GmbH & Co. KG entwickelt und produziert kundenspezifische kohlefaserverstärkte Hochleistungskunststoffe und Carbonplatten für Composite-Anwendungen in der Medizin-, Automobil-, Luftfahrt- und Maschinenbauindustrie. Mit der Förderung wird der Neubau eines Büro- und Produktionsgebäudes mit Maschinen und Anlagen unterstützt. ",13.01.2014,13.01.2016,"397.800,00",50,Blaubeuren,Deutschland                   ,"Unmittelbar mit Forschungs- und Innovationsaktivitäten verbundene Investitionen in Infrastruktur, Kapazitäten und Ausrüstung von KMU"
